Monthly Progress Report,,,,,,,,,,,,,,,
,,,,,,,,,,,,,,,
Facility,PHC Bela(24X7),,,,,,,,,,,,,,
,,,,,,,,,,,,,,,
Period,0,,,0,0,0,0,0,0,0,0,0,0,,
,,,,,,,,,,,,,,,
,,,Apr-2015,May-2015,Jun-2015,Jul-2015,Aug-2015,Sep-2015,Oct-2015,Nov-2015,Dec-2015,Jan-2016,Feb-2016,Mar-2016,Total
Part A,REPRODUCTIVE AND CHILD HEALTH,,,,,,,,,,,,,, 
M1,Ante Natal Care Services ANC,,,,,,,,,,,,,, 
1.1,Total number of pregnant women Registered for ANC  ,TOTAL,33,29,26,20,33,22,32,19,37,35,28,17,331
1.1.1,Of which Number registered within first trimester,TOTAL,31,24,24,15,26,18,27,18,33,30,24,16,286
1.2,New women registered under JSY,TOTAL,17,11,8,5,16,12,8,6,15,13,13,4,128
1.3,Number of pregnant women received 3 ANC check ups,TOTAL,36,27,39,24,25,19,33,29,19,20,30,39,340
1.4,Number of pregnant women given,,,,,,,,,,,,,, 
1.4.1,TT1,TOTAL,22,17,12,12,17,14,21,11,24,18,19,16,203
1.4.2,TT2 or Booster,TOTAL,14,17,22,7,14,17,20,11,18,23,20,25,208
1.5,Total number of pregnant women given 100 IFA tablets,TOTAL,34,17,19,16,22,27,27,16,31,29,17,5,260
1.6,Pregnant women with Hypertension (BP>140/90) ,,,,,,,,,,,,,, 
1.6.1,New cases detected at institution,TOTAL,1,0,1,0,1,0,0,0,0,1,0,0,4
1.6.2,Number of Eclampsia cases managed during delivery,TOTAL,0,0,0,0,0,0,0,0,0,0,0,0,0
1.7,Pregnant women with Anaemia ,,,,,,,,,,,,,, 
1.7.1,Number having Hb level<11 (tested cases),TOTAL,24,26,25,20,31,21,33,24,22,45,24,16,311
1.7.2,Number having severe anaemia (Hb<7) treated at institution,TOTAL,0,0,1,1,0,1,0,0,0,1,0,1,5
1.8,Number of pregnancy kits used at Sub-centre,TOTAL,10,2,14,9,13,8,10,2,7,5,3,3,86
M2,Deliveries ,,,,,,,,,,,,,, 
2.1,Deliveries conducted at Home:,,,,,,,,,,,,,, 
2.1.1,Number of Home Deliveries attended by:,,,,,,,,,,,,,, 
2.1.1.a,SBA Trained (Doctor/Nurse/ANM),TOTAL,0,0,0,0,0,0,0,0,0,0,0,0,0
2.1.1.b,Non SBA (Trained TBA/Relatives/etc.),TOTAL,0,0,0,0,0,0,0,0,0,0,0,0,0
2.1.1.c,Total {(a) to (b)},TOTAL,0,0,0,0,0,0,0,0,0,0,0,0,0
2.1.2,Number of newborns visited within 24 hours of Home Delivery,TOTAL,0,0,0,0,0,0,0,0,0,0,0,0,0
2.1.3,Number of mothers paid JSY incentive for Home deliveries,TOTAL,0,0,0,0,0,0,0,0,0,0,0,0,0
2.2,Deliveries conducted at Public Institutions ,TOTAL,11,13,14,12,24,19,14,21,20,15,19,14,196
2.2.1,Of which Number discharged under 48 hours of delivery,TOTAL,0,0,0,0,0,0,0,0,1,0,0,0,1
2.2.2,Number of cases where JSY incentive paid to,,,,,,,,,,,,,, 
2.2.2.a,Mothers ,TOTAL,6,2,6,0,4,12,3,8,6,9,7,12,75
2.2.2.b,ASHAs,TOTAL,10,6,4,4,12,13,14,13,16,6,13,16,127
2.2.2.c,ANM or AWW (only for HPS States),TOTAL,0,0,0,0,0,0,0,0,0,0,0,0,0
2.3,Number of Deliveries  at accredited Private Institutions,TOTAL,0,0,0,0,0,0,0,0,0,0,0,0,0
2.3.1,Number of institutional delivery cases where JSY incentive paid to,,,,,,,,,,,,,, 
2.3.1.a,Mothers ,TOTAL,0,0,2,0,3,0,0,0,0,0,1,0,6
2.3.1.b,ASHAs,TOTAL,0,0,0,0,0,0,1,0,0,3,0,0,4
2.3.1.c,ANM or AWW (only for HPS States),TOTAL,0,0,0,0,0,0,0,0,0,0,0,0,0
M3,Number of Caesarean C-Section deliveries performed at ,,,,,,,,,,,,,, 
3.1,Public facilities,,,,,,,,,,,,,, 
3.1.1,PHC,TOTAL,0,0,0,0,0,0,0,0,0,0,0,0,0
3.1.2,CHC ,TOTAL,0,0,0,0,0,0,0,0,0,0,0,0,0
3.1.3,Sub-divisional hospital/District Hospital,TOTAL,0,0,0,0,0,0,0,0,0,0,0,0,0
3.1.4,At Other State Owned Public Institutions,TOTAL,0,0,0,0,0,0,0,0,0,0,0,0,0
3.1.5,Total {(3.1.1) to (3.1.4)},TOTAL,0,0,0,0,0,0,0,0,0,0,0,0,0
3.2,Private facilities,TOTAL,0,0,0,0,0,0,0,0,0,0,0,0,0
M4,Pregnancy outcome & weight of new-born,,,,,,,,,,,,,, 
4.1,Pregnancy Outcome (in number),,,,,,,,,,,,,, 
4.1.1,Live Birth,,,,,,,,,,,,,, 
4.1.1.a,Male,TOTAL,2,10,5,3,13,9,8,11,10,9,9,6,95
4.1.1.b ,Female,TOTAL,9,3,9,9,10,10,6,10,10,6,10,8,100
4.1.1.c,Total ({a} + {b}),TOTAL,11,13,14,12,23,19,14,21,20,15,19,14,195
4.1.2,Still Birth,TOTAL,0,0,0,0,1,0,0,0,0,0,0,0,1
4.1.3,Abortion (spontaneous/induced),TOTAL,0,0,1,1,2,0,0,0,0,0,0,0,4
4.2,Details of Newborn children weighed,,,,,,,,,,,,,, 
4.2.1,Number of Newborns weighed at birth,TOTAL,11,13,14,12,23,19,14,21,20,15,19,14,195
4.2.2,Number of Newborns having weight less than 2.5 kg,TOTAL,3,4,0,2,2,6,4,3,6,1,0,1,32
4.3,Number of Newborns breast fed within 1 hour,TOTAL,11,13,14,12,23,19,14,21,20,15,19,14,195
M5,Complicated pregnanices,,,,,,,,,,,,,, 
5.1,Number of cases of pregnant women with Obstetric Complications and attended at Public facilities,,,,,,,,,,,,,, 
5.1.1,At PHCs ,TOTAL,0,0,0,0,0,0,0,9,0,0,0,0,9
5.1.2,At CHCs ,TOTAL,0,0,0,0,0,0,0,0,0,0,0,0,0
5.1.3,At Sub-divisional hospitals/ District Hospitals,TOTAL,0,0,0,0,0,0,0,0,0,0,0,0,0
5.1.4,At Other State Owned Public Institutions,TOTAL,0,0,0,0,0,0,0,0,0,0,0,0,0
5.1.5,Total {(5.1.1) to (5.1.4)},TOTAL,0,0,0,0,0,0,0,9,0,0,0,0,9
5.2,Number of cases of pregnant women with Obstetric Complications and attended at Private facilities,TOTAL,0,0,0,0,0,0,0,0,0,0,0,0,0
5.3,Number of Complicated pregnancies treated with,,,,,,,,,,,,,, 
5.3.1,IV antibiotics,TOTAL,0,0,0,0,0,0,0,0,0,0,0,0,0
5.3.2,IV antihypertensive/Magsulph injection,TOTAL,0,0,0,0,0,0,0,0,0,0,0,0,0
5.3.3,IV Oxytocis,TOTAL,0,0,0,0,0,0,0,0,0,0,0,0,0
5.3.4,Blood Transfusion ,TOTAL,0,0,0,0,0,0,0,0,0,0,0,0,0
M6,Post - Natal Care,,,,,,,,,,,,,, 
6.1,Women receiving post partum check-up within 48 hours after delivery,TOTAL,11,10,4,0,2,4,3,11,6,17,3,3,74
6.2,Women getting a post partum check up between 48 hours and 14 days,TOTAL,2,6,6,12,17,19,3,18,16,17,16,17,149
6.3,PNC maternal complications attended ,TOTAL,0,0,0,0,0,0,0,0,0,0,0,0,0
M7,Medical Termination of Pregnancy (MTP),,,,,,,,,,,,,, 
7.1,Number of MTPs conducted at Public Institutions,,,,,,,,,,,,,, 
7.1.1,Up to 12 weeks of pregnancy,TOTAL,0,0,1,1,2,0,0,0,0,0,0,0,4
7.1.2,More than 12 weeks of pregnancy,TOTAL,0,0,0,0,0,0,0,0,0,0,0,0,0
7.1.3,Total {(7.1.1) to (7.1.2)},TOTAL,0,0,1,1,2,0,0,0,0,0,0,0,4
7.2,Number of MTPs conducted at Private Facilities,TOTAL,0,1,0,0,0,0,0,0,0,0,0,0,1
M8,RTI/STI Cases,,,,,,,,,,,,,, 
8.1,Number of new RTI/STI for which treatment initiated,,,,,,,,,,,,,, 
8.1.a,Male,TOTAL,2,0,0,0,0,0,0,0,0,0,0,0,2
8.1.b,Female,TOTAL,10,0,1,0,1,0,0,2,2,2,1,0,19
8.1.c,Total {(a) to (b)},TOTAL,12,0,1,0,1,0,0,2,2,2,1,0,21
8.2,Number of wet mount tests conducted,TOTAL,0,0,0,0,0,0,0,0,0,0,0,0,0
M9,Family Planning,,,,,,,,,,,,,, 
9.01,Number of NSV/Conventional Vasectomy conducted,,,,,,,,,,,,,, 
9.1.1,At Public facilities,,,,,,,,,,,,,, 
9.1.1.a,At PHCs ,TOTAL,0,0,0,0,1,0,0,1,1,0,0,0,3
9.1.1.b,At CHCs ,TOTAL,0,0,0,0,0,0,0,0,0,0,0,0,0
9.1.1.c,At Sub-divisional hospitals/ District Hospitals,TOTAL,0,0,0,0,0,0,0,0,0,0,0,0,0
9.1.1.d,At Other State Owned Public Institutions,TOTAL,0,0,0,0,0,0,0,0,0,0,0,0,0
9.1.1.e,Total {(a) to (d)},TOTAL,0,0,0,0,1,0,0,1,1,0,0,0,3
9.1.2,At Private facilities,TOTAL,0,0,0,0,0,0,0,0,0,0,0,0,0
9.02,Number of Laparoscopic sterilizations conducted,,,,,,,,,,,,,, 
9.2.1,At Public facilities,,,,,,,,,,,,,, 
9.2.1.a,At PHCs ,TOTAL,0,0,0,0,0,0,0,0,0,0,0,0,0
9.2.1.b,At CHCs ,TOTAL,0,0,0,0,0,0,0,0,0,0,0,0,0
9.2.1.c,At Sub-divisional hospitals/ District Hospitals,TOTAL,0,0,0,0,0,0,0,0,0,0,0,0,0
9.2.1.d,At Other State Owned Public Institutions,TOTAL,0,0,0,0,0,0,0,0,0,0,0,0,0
9.2.1.e,Total {(a) to (d)},TOTAL,0,0,0,0,0,0,0,0,0,0,0,0,0
9.2.2,At Private facilities,TOTAL,0,0,0,0,0,0,0,0,0,0,0,0,0
9.03,Number of Mini-lap sterilizations conducted ,,,,,,,,,,,,,, 
9.3.1,At Public facilities,,,,,,,,,,,,,, 
9.3.1.a,At PHCs ,TOTAL,0,0,0,0,18,5,8,2,15,13,8,5,74
9.3.1.b,At CHCs ,TOTAL,0,0,0,0,0,0,0,0,0,0,0,0,0
9.3.1.c,At Sub-divisional hospitals/ District Hospitals,TOTAL,0,0,0,0,0,0,0,0,0,0,0,0,0
9.3.1.d,At Other State Owned Public Institutions,TOTAL,0,0,0,0,0,0,0,0,0,0,0,0,0
9.3.1.e,Total {(a) to (d)},TOTAL,0,0,0,0,18,5,8,2,15,13,8,5,74
9.3.2,At Private facilities,TOTAL,0,0,0,0,0,0,0,0,0,0,0,0,0
9.04,Number of Post-Partum sterilizations conducted ,,,,,,,,,,,,,, 
9.4.1,Public facilities,,,,,,,,,,,,,, 
9.4.1.a,At PHCs ,TOTAL,0,0,0,0,0,0,0,0,0,0,0,0,0
9.4.1.b,At CHCs ,TOTAL,0,0,0,0,0,0,0,0,0,0,0,0,0
9.4.1.c,At Sub-divisional hospitals/ District Hospitals,TOTAL,0,0,0,0,0,0,0,0,0,0,0,0,0
9.4.1.d,At Other State Owned Public Institutions,TOTAL,0,0,0,0,0,0,0,0,0,0,0,0,0
9.4.1.e,Total {(a) to (d)},TOTAL,0,0,0,0,0,0,0,0,0,0,0,0,0
9.4.2,Private facilities,TOTAL,0,0,0,0,0,0,0,0,0,0,0,0,0
9.05,Number of IUD Insertions,,,,,,,,,,,,,, 
9.5.1,Public facilities,,,,,,,,,,,,,, 
9.5.1.a,At Sub-Centres ,TOTAL,4,4,4,7,2,3,5,2,3,1,3,3,41
9.5.1.b,At PHCs ,TOTAL,2,2,2,0,0,0,0,0,0,0,0,0,6
9.5.1.c,At CHCs ,TOTAL,0,0,0,0,0,0,0,0,0,0,0,0,0
9.5.1.d,At Sub-divisional hospitals/ District Hospitals,TOTAL,0,0,0,0,0,0,0,0,0,0,0,0,0
9.5.1.e,At Other State Owned Public Institutions,TOTAL,,,,,,,,,,,,, 
9.5.1.f,Total {(a) to (e)},TOTAL,6,6,6,7,2,3,5,2,3,1,3,3,47
9.5.1.A,"Out of above total, Post-partum (within 48 hours of delivery) IUD Insertions",TOTAL,0,0,0,0,0,0,0,0,0,0,0,0,0
9.5.2,Private facilities,TOTAL,0,0,0,0,0,0,0,1,0,0,0,0,1
9.06,Number of IUD removals,TOTAL,0,0,0,0,0,1,0,0,0,2,0,0,3
9.07,Number of Oral Pills cycles distributed,TOTAL,35,36,51,66,61,55,62,65,24,35,34,37,561
9.08,Number of Condom pieces distributed,TOTAL,39,48,75,75,52,47,63,69,53,46,54,52,673
9.09,Number of Centchroman (weekly) pills given,TOTAL,0,0,0,0,0,0,0,0,0,0,0,0,0
9.10,Number of Emergency Contraceptive Pills distributed,TOTAL,0,8,0,16,0,0,0,0,0,0,0,0,24
9.11,Quality in sterilization services,,,,,,,,,,,,,, 
9.11.1,Number of complications following sterilization,,,,,,,,,,,,,, 
9.11.1.a,Male,TOTAL,0,0,0,0,0,0,0,0,0,0,0,0,0
9.11.1.b,Female,TOTAL,0,0,0,0,0,0,0,0,0,0,0,0,0
9.11.2,Number of failures following sterilization,,,,,,,,,,,,,, 
9.11.2.a,Male,TOTAL,0,0,0,0,0,0,0,0,0,0,0,0,0
9.11.2.b,Female,TOTAL,0,0,0,0,0,0,0,0,0,0,0,0,0
9.11.3,Number of deaths following sterilization,,,,,,,,,,,,,, 
9.11.3.a,Male,TOTAL,0,0,0,0,0,0,0,0,0,0,0,0,0
9.11.3.b,Female,TOTAL,0,0,0,0,0,0,0,0,0,0,0,0,0
9.12,Number of Institutions having NSV trained doctors,TOTAL,0,0,0,0,0,0,0,0,0,0,0,0,0
M10,CHILD IMMUNIZATION,,,,,,,,,,,,,, 
10.1,Number of Infants 0 to 11 months old who received the following:,,,,,,,,,,,,,, 
10.1.01,BCG,TOTAL,11,13,14,20,32,27,15,21,30,16,16,29,244
10.1.02,DPT1,TOTAL,31,23,24,25,18,22,27,23,5,0,0,0,198
10.1.03,DPT2,TOTAL,24,23,31,21,25,21,15,18,38,6,6,1,229
10.1.04,DPT3,TOTAL,19,28,30,16,22,19,20,19,23,11,14,12,233
10.1.04A,Pentavalent 1,TOTAL,0,0,0,0,0,0,0,8,29,18,23,42,120
10.1.04B,Pentavalent 2,TOTAL,0,0,0,0,0,0,0,0,2,24,21,36,83
10.1.04C,Pentavalent 3,TOTAL,0,0,0,0,0,0,0,0,0,2,17,21,40
10.1.05,OPV 0 (Birth Dose),TOTAL,11,13,14,12,23,16,14,19,18,16,18,15,189
10.1.06,OPV1,TOTAL,31,23,24,25,18,22,27,23,10,18,18,36,275
10.1.07,OPV2,TOTAL,24,23,31,21,25,21,15,18,38,17,25,26,284
10.1.08,OPV3,TOTAL,19,28,30,16,22,19,20,19,23,14,30,32,272
10.1.09,Hepatitis-B0,TOTAL,9,8,13,9,16,14,10,9,13,7,15,10,133
10.1.10,Hepatitis-B1,TOTAL,31,23,24,25,18,22,27,23,6,0,0,10,209
10.1.11,Hepatitis-B2,TOTAL,24,23,31,21,25,21,15,18,38,10,6,7,239
10.1.12,Hepatitis-B3,TOTAL,19,28,30,16,22,19,20,21,30,25,15,17,262
10.1.13,Measles,TOTAL,33,17,30,20,28,28,21,16,26,14,24,19,276
10.1.14,Measles 2nd Dose,TOTAL,38,36,36,22,30,30,48,27,41,39,32,38,417
10.1.13,Total number of children aged between 9 and 11 months who have been fully immunised (BCG+DPT123+OPV123+Measles) during the month,,,,,,,,,,,,,, 
10.1.13.a,Male,TOTAL,14,9,19,10,15,17,12,4,12,8,14,11,145
10.1.13.b,Female,TOTAL,19,8,11,10,13,11,9,12,12,6,10,8,129
10.1.13.c,Total {(a) to (b)},TOTAL,33,17,30,20,28,28,21,16,24,14,24,19,274
10.1.A,No. of children aged 9 to 12 months who received JE 1st dose,TOTAL,40,19,21,13,26,25,25,11,23,22,9,26,260
10.2,Number of children more than 16 months who received the following,,,,,,,,,,,,,, 
10.2.1,DPT Booster,TOTAL,33,36,36,22,29,29,48,27,41,33,32,38,404
10.2.2,OPV Booster,TOTAL,33,36,36,22,29,29,48,27,41,33,32,38,404
10.2.3,"Measles, Mumps, Rubella (MMR) Vaccine",TOTAL,,,,,,,,,,,,, 
10.3,Immunisation Status,,,,,,,,,,,,,, 
10.3.1,Total number of children aged between 12 and 23 months who have been fully immunised (BCG+DPT123+OPV123+Measles) during the month,,,,,,,,,,,,,, 
10.3.1.a,Male,TOTAL,0,2,0,0,0,0,0,0,3,0,0,0,5
10.3.1.b,Female,TOTAL,0,2,0,0,0,0,0,0,2,0,0,0,4
10.3.1.c,Total {(a) to (b)},TOTAL,0,4,0,0,0,0,0,0,5,0,0,0,9
10.3.2,Children more than 5 years given DT5,TOTAL,1,0,2,34,24,16,15,1,288,7,2,213,603
10.3.3,Children more than 10 years given TT10,TOTAL,0,0,0,47,36,18,23,0,182,8,2,155,471
10.3.4,Children more than 16 years given TT16,TOTAL,0,0,0,1,1,17,44,0,645,12,36,0,756
10.3.5,Adverse Event Following Immunisation (AEFI),,,,,,,,,,,,,, 
10.3.5.a,Abscess,TOTAL,0,0,0,0,0,0,0,0,0,0,0,0,0
10.3.5.b,Death,TOTAL,0,0,0,0,0,0,0,0,0,0,0,0,0
10.3.5.c,Others,TOTAL,0,0,0,0,0,0,0,0,0,0,0,0,0
10.4,Number of Immunisation sessions during the month,,,,,,,,,,,,,, 
10.4.1,Planned,TOTAL,25,21,28,20,27,27,19,24,32,20,23,29,295
10.4.2,Held,TOTAL,25,21,28,20,27,27,19,24,32,20,23,29,295
10.4.3,Sessions where ASHAs were present,TOTAL,18,19,24,15,21,20,17,19,22,16,17,27,235
M11,Number of Vitamin A doses ,,,,,,,,,,,,,, 
11.1,Administered between 9 months and 5 years,,,,,,,,,,,,,, 
11.1.1,Dose-1,TOTAL,79,28,26,23,29,31,21,58,32,14,30,22,393
11.1.2,Dose-5,TOTAL,157,3,9,34,10,12,8,146,12,5,8,8,412
11.1.3,Dose-9,TOTAL,97,4,5,26,9,11,7,115,8,10,7,7,306
M12,Number of cases of Childhood Diseases reported during the month0-5 years: ,,,,,,,,,,,,,, 
12.1,Diphtheria                         ,TOTAL,0,0,0,0,0,0,0,0,0,0,0,0,0
12.2,Pertussis                            ,TOTAL,0,0,0,0,0,0,0,0,0,0,0,0,0
12.3,Tetanus Neonatorum,TOTAL,0,0,0,0,0,0,0,0,0,0,0,0,0
12.4,Tetanus others,TOTAL,0,0,0,0,0,0,0,0,0,0,0,0,0
12.5,Polio,TOTAL,0,0,0,0,0,0,0,0,0,0,0,0,0
12.6,Measles,TOTAL,0,0,0,0,0,0,0,0,0,0,0,0,0
12.7,Diarrhoea and dehydration,TOTAL,0,0,0,0,0,0,0,0,0,0,0,0,0
12.8,Malaria,TOTAL,0,0,0,0,0,0,0,0,0,0,0,0,0
12.9,Number admitted with Respiratory Infections,TOTAL,0,0,0,0,0,0,0,0,0,0,0,0,0
Part B,Other Programmes,,,,,,,,,,,,,, 
M13,Blindness Control Programme,,,,,,,,,,,,,, 
13.1,Number of Patients operated for cataract,TOTAL,0,0,0,0,0,0,0,0,0,0,0,0,0
13.2,Number of Intraocular Lens(IOL) implantations,TOTAL,0,0,0,0,0,0,0,0,0,0,0,0,0
13.3,Number of School children detected with Refractive errors,TOTAL,0,0,0,0,0,0,0,0,0,0,0,0,0
13.4,Number of children provided free glasses,TOTAL,0,0,0,0,0,0,0,0,0,0,0,0,0
13.5,Number of eyes collected,TOTAL,0,0,0,0,0,0,0,0,0,0,0,0,0
13.6,Number of eyes utilised,TOTAL,0,0,0,0,0,0,0,0,0,0,0,0,0
Part C,Health Facility Services,,,,,,,,,,,,,, 
M14,Patient Services,,,,,,,,,,,,,, 
14.01,Number of CHC/ SDH/ DH functioning as an FRUs,TOTAL,0,0,0,0,0,0,0,0,0,0,0,0,0
14.02,Number of PHCs functioning  24X7 3 Staff Nurses?,TOTAL,1,1,1,1,1,1,1,1,1,1,0,1,11
14.03,Number of Anganwadi centres reported to have conducted VHNDs,TOTAL,16,16,18,12,25,21,14,12,16,16,17,27,210
14.04,Number of facilities having a Rogi Kalyan Samiti,TOTAL,1,1,1,1,1,1,1,1,1,1,0,1,11
14.05,Number of RKS meetings held during the month,TOTAL,0,0,0,0,1,1,0,0,0,0,0,1,3
14.06,Number of  facilities having Ambulance services  Assured Referral Services available,TOTAL,1,1,1,1,1,1,1,1,1,1,0,1,11
14.07,Total Number of times the Ambulance was used for transporting patients during the month,TOTAL,10,7,10,18,17,14,20,20,25,10,0,15,166
14.08,Number of Institutions having Operational Sick New Born and Child Care Units,TOTAL,0,0,1,1,1,1,1,1,1,1,0,1,9
14.09,Number of functional Laproscopes in CHC/SDH/DH,TOTAL,0,0,0,0,0,0,0,0,0,0,0,0,0
14.10,Inpatient,,,,,,,,,,,,,, 
14.10.1,Admissions ,,,,,,,,,,,,,, 
14.10.1.a,Male,Children,0,0,5,0,0,5,0,2,4,2,17,20,55
,,Adults,9,11,9,11,25,35,12,4,24,11,10,0,161
14.10.1.b,Female,Children,4,3,2,3,5,11,0,6,11,9,16,20,90
,,Adults,38,69,28,54,63,40,79,31,93,89,34,0,618
14.10.1.c,Total {(a) to (b)},Children,4,3,7,3,5,16,0,8,15,11,33,40,145
,,Adults,47,80,37,65,88,75,91,35,117,100,44,0,779
14.10.2,Deaths,,,,,,,,,,,,,, 
14.10.2.a,Male,TOTAL,0,0,0,0,0,0,0,0,0,0,0,0,0
14.10.2.b,Female,TOTAL,0,0,0,0,0,0,0,0,0,0,0,0,0
14.10.2.c,Total {(a) to (b)},TOTAL,0,0,0,0,0,0,0,0,0,0,0,0,0
14.11,In-Patient Head Count at midnight,TOTAL,9,7,10,9,35,20,18,12,29,20,24,15,208
14.12,Outpatient,,,,,,,,,,,,,, 
14.12.1,OPD attendance (All),TOTAL,1730,1839,1480,2090,2724,3642,3225,2479,2840,2682,1434,2613,28778
14.13,Operation Theatre,,,,,,,,,,,,,, 
14.13.1,Operation major (General and spinal anaesthesia),TOTAL,0,0,0,0,0,0,0,0,0,0,0,0,0
14.13.1A,"Out of 14.13.1, Gynecology-Hysterectomy Surgeries ",TOTAL,0,0,0,0,0,0,0,0,0,0,0,0,0
14.13.2,Operation minor (No or local anaesthesia),TOTAL,0,0,0,0,0,0,0,0,0,0,0,0,0
14.14,"Others (Include other services like Dental, Ophthalmology , AYUSH etc.)",,,,,,,,,,,,,, 
14.14.a,AYUSH,TOTAL,0,0,185,0,0,0,0,0,0,0,0,0,185
14.14.b,Dental Procedures,TOTAL,0,0,0,0,0,0,0,0,0,0,0,0,0
14.14.c,Adolescent counselling services,TOTAL,0,0,0,0,0,0,0,0,0,0,0,0,0
M15,Laboratory Testing,,,,,,,,,,,,,, 
15.1,Laboratory Test Details,,,,,,,,,,,,,, 
15.1.1,Hb Tests conducted,,,,,,,,,,,,,, 
15.1.1.a,Number of Hb tests conducted,TOTAL,76,235,189,107,190,93,85,144,122,188,179,201,1809
15.1.1.b,Of which number having Hb < 7 mg,TOTAL,2,3,3,3,7,3,6,7,2,40,40,3,119
15.1.2,HIV tests conducted,,,,,,,,,,,,,, 
15.1.2.a,Male,Number Positive,0,0,0,0,0,0,0,0,0,0,0,0,0
,,Number tested,33,26,46,40,45,58,11,28,29,40,40,35,431
15.1.2.b,Female-Non ANC,Number Positive,0,0,0,0,0,0,0,0,0,0,0,0,0
,,Number tested,4,2,16,24,5,15,54,40,2,53,53,8,276
15.1.2.c,Female with ANC,Number Positive,0,0,0,0,0,0,0,0,0,0,0,0,0
,,Number tested,30,27,54,16,45,29,44,250,36,17,17,26,591
15.1.2.d,Total {(a) to (c)},Number Positive,0,0,0,0,0,0,0,0,0,0,0,0,0
,,Number tested,67,55,116,80,95,102,109,318,67,110,110,69,1298
15.2,Widal tests conducted,Number tested,67,11,0,2,38,0,63,57,26,0,0,35,299
15.3,VDRL  tests conducted,,,,,,,,,,,,,, 
15.3.a,Male,Number tested,7,9,0,0,1,0,0,0,0,0,0,0,17
15.3.b,Female-Non ANC,Number tested,0,0,25,0,1,0,0,0,0,0,0,0,26
15.3.c,Female with ANC,Number tested,0,0,0,0,0,0,0,0,0,0,0,0,0
15.3.d,Total {(a) to (c)},Number tested,7,9,25,0,2,0,0,0,0,0,0,0,43
15.4,Malaria tests conducted,,,,,,,,,,,,,, 
15.4.1,Blood smears examined,TOTAL,436,480,497,558,481,761,895,481,573,641,570,478,6851
15.4.2,Plasmodium Vivax test positive,TOTAL,0,0,0,1,0,1,0,0,1,1,0,0,4
15.4.3,Plasmodium Falciparum test positive,TOTAL,0,0,0,0,0,0,0,0,2,0,0,0,2
Part D,Monthly Inventory Status,,,,,,,,,,,,,,
M16,Stock Position (During the month),,,,,,,,,,,,,,
16.1,Vaccines,,,,,,,,,,,,,,
16.1.1,DPT,Balance From Previous Month,,,,,,,,,,,,,
,,Stocks Received,,,,,,,,,,,,,
,,Unusable Stock,,,,,,,,,,,,,
,,Stock Distributed,,,,,,,,,,,,,
,,Total Stock,,,,,,,,,,,,,
16.1.2,OPV,Balance From Previous Month,,,,,,,,,,,,,
,,Stocks Received,,,,,,,,,,,,,
,,Unusable Stock,,,,,,,,,,,,,
,,Stock Distributed,,,,,,,,,,,,,
,,Total Stock,,,,,,,,,,,,,
16.1.3,TT,Balance From Previous Month,,,,,,,,,,,,,
,,Stocks Received,,,,,,,,,,,,,
,,Unusable Stock,,,,,,,,,,,,,
,,Stock Distributed,,,,,,,,,,,,,
,,Total Stock,,,,,,,,,,,,,
16.1.4,DT,Balance From Previous Month,,,,,,,,,,,,,
,,Stocks Received,,,,,,,,,,,,,
,,Unusable Stock,,,,,,,,,,,,,
,,Stock Distributed,,,,,,,,,,,,,
,,Total Stock,,,,,,,,,,,,,
16.1.5,BCG,Balance From Previous Month,,,,,,,,,,,,,
,,Stocks Received,,,,,,,,,,,,,
,,Unusable Stock,,,,,,,,,,,,,
,,Stock Distributed,,,,,,,,,,,,,
,,Total Stock,,,,,,,,,,,,,
16.1.6,Measles,Balance From Previous Month,,,,,,,,,,,,,
,,Stocks Received,,,,,,,,,,,,,
,,Unusable Stock,,,,,,,,,,,,,
,,Stock Distributed,,,,,,,,,,,,,
,,Total Stock,,,,,,,,,,,,,
16.1.7,JE,Balance From Previous Month,,,,,,,,,,,,,
,,Stocks Received,,,,,,,,,,,,,
,,Unusable Stock,,,,,,,,,,,,,
,,Stock Distributed,,,,,,,,,,,,,
,,Total Stock,,,,,,,,,,,,,
16.1.8,Hepatitis B,Balance From Previous Month,,,,,,,,,,,,,
,,Stocks Received,,,,,,,,,,,,,
,,Unusable Stock,,,,,,,,,,,,,
,,Stock Distributed,,,,,,,,,,,,,
,,Total Stock,,,,,,,,,,,,,
16.2,Family Planning,,,,,,,,,,,,,,
16.2.1,IUD 380 A,Balance From Previous Month,,,,,,,,,,,,,
,,Stocks Received,,,,,,,,,,,,,
,,Unusable Stock,,,,,,,,,,,,,
,,Stock Distributed,,,,,,,,,,,,,
,,Total Stock,,,,,,,,,,,,,
16.2.2,Condoms,Balance From Previous Month,,,,,,,,,,,,,
,,Stocks Received,,,,,,,,,,,,,
,,Unusable Stock,,,,,,,,,,,,,
,,Stock Distributed,,,,,,,,,,,,,
,,Total Stock,,,,,,,,,,,,,
16.2.3,Oral Contraceptive,Balance From Previous Month,,,,,,,,,,,,,
,,Stocks Received,,,,,,,,,,,,,
,,Unusable Stock,,,,,,,,,,,,,
,,Stock Distributed,,,,,,,,,,,,,
,,Total Stock,,,,,,,,,,,,,
16.2.4,Emergency Contraceptive Pills,Balance From Previous Month,,,,,,,,,,,,,
,,Stocks Received,,,,,,,,,,,,,
,,Unusable Stock,,,,,,,,,,,,,
,,Stock Distributed,,,,,,,,,,,,,
,,Total Stock,,,,,,,,,,,,,
16.2.5,Tubal rings,Balance From Previous Month,,,,,,,,,,,,,
,,Stocks Received,,,,,,,,,,,,,
,,Unusable Stock,,,,,,,,,,,,,
,,Stock Distributed,,,,,,,,,,,,,
,,Total Stock,,,,,,,,,,,,,
16.3,Other Items,,,,,,,,,,,,,,
16.3.01,Injection Oxytocin,Balance From Previous Month,,,,,,,,,,,,,
,,Stocks Received,,,,,,,,,,,,,
,,Unusable Stock,,,,,,,,,,,,,
,,Stock Distributed,,,,,,,,,,,,,
,,Total Stock,,,,,,,,,,,,,
16.3.02,Gloves,Balance From Previous Month,,,,,,,,,,,,,
,,Stocks Received,,,,,,,,,,,,,
,,Unusable Stock,,,,,,,,,,,,,
,,Stock Distributed,,,,,,,,,,,,,
,,Total Stock,,,,,,,,,,,,,
16.3.03,MVA Syringes,Balance From Previous Month,,,,,,,,,,,,,
,,Stocks Received,,,,,,,,,,,,,
,,Unusable Stock,,,,,,,,,,,,,
,,Stock Distributed,,,,,,,,,,,,,
,,Total Stock,,,,,,,,,,,,,
16.3.04,Tab. Fluconazole,Balance From Previous Month,,,,,,,,,,,,,
,,Stocks Received,,,,,,,,,,,,,
,,Unusable Stock,,,,,,,,,,,,,
,,Stock Distributed,,,,,,,,,,,,,
,,Total Stock,,,,,,,,,,,,,
16.3.05,Blood Transfusion sets,Balance From Previous Month,,,,,,,,,,,,,
,,Stocks Received,,,,,,,,,,,,,
,,Unusable Stock,,,,,,,,,,,,,
,,Stock Distributed,,,,,,,,,,,,,
,,Total Stock,,,,,,,,,,,,,
16.3.06,Gluteraldehyde 2%,Balance From Previous Month,,,,,,,,,,,,,
,,Stocks Received,,,,,,,,,,,,,
,,Unusable Stock,,,,,,,,,,,,,
,,Stock Distributed,,,,,,,,,,,,,
,,Total Stock,,,,,,,,,,,,,
16.3.07,IFA tablets,Balance From Previous Month,,,,,,,,,,,,,
,,Stocks Received,,,,,,,,,,,,,
,,Unusable Stock,,,,,,,,,,,,,
,,Stock Distributed,,,,,,,,,,,,,
,,Total Stock,,,,,,,,,,,,,
16.3.08,IFA Syrup (Paediatric),Balance From Previous Month,,,,,,,,,,,,,
,,Stocks Received,,,,,,,,,,,,,
,,Unusable Stock,,,,,,,,,,,,,
,,Stock Distributed,,,,,,,,,,,,,
,,Total Stock,,,,,,,,,,,,,
16.3.09,Paediatrics Antibiotics (Cotrimaxozole and Injectable Gentamicin),Balance From Previous Month,,,,,,,,,,,,,
,,Stocks Received,,,,,,,,,,,,,
,,Unusable Stock,,,,,,,,,,,,,
,,Stock Distributed,,,,,,,,,,,,,
,,Total Stock,,,,,,,,,,,,,
16.3.10,Vitamin A solution,Balance From Previous Month,,,,,,,,,,,,,
,,Stocks Received,,,,,,,,,,,,,
,,Unusable Stock,,,,,,,,,,,,,
,,Stock Distributed,,,,,,,,,,,,,
,,Total Stock,,,,,,,,,,,,,
16.3.11,ORS (New WHO),Balance From Previous Month,,,,,,,,,,,,,
,,Stocks Received,,,,,,,,,,,,,
,,Unusable Stock,,,,,,,,,,,,,
,,Stock Distributed,,,,,,,,,,,,,
,,Total Stock,,,,,,,,,,,,,
16.4,Syringes,,,,,,,,,,,,,,
16.4.1,0.1 ml (AD),Balance From Previous Month,,,,,,,,,,,,,
,,Stocks Received,,,,,,,,,,,,,
,,Unusable Stock,,,,,,,,,,,,,
,,Stock Distributed,,,,,,,,,,,,,
,,Total Stock,,,,,,,,,,,,,
16.4.2,0.5 ml (AD),Balance From Previous Month,,,,,,,,,,,,,
,,Stocks Received,,,,,,,,,,,,,
,,Unusable Stock,,,,,,,,,,,,,
,,Stock Distributed,,,,,,,,,,,,,
,,Total Stock,,,,,,,,,,,,,
16.4.3,5.0 ml (Disposable),Balance From Previous Month,,,,,,,,,,,,,
,,Stocks Received,,,,,,,,,,,,,
,,Unusable Stock,,,,,,,,,,,,,
,,Stock Distributed,,,,,,,,,,,,,
,,Total Stock,,,,,,,,,,,,,
Part E,Mortality Details,,,,,,,,,,,,,, 
M17,Details of deaths reported during the month with probable causes:,,,,,,,,,,,,,, 
17.1,Infant deaths within 24 hrs of birth,TOTAL,0,0,0,0,0,0,0,0,0,0,0,0,0
17.2,Infant Deaths up to 4 weeks by cause,,,,,,,,,,,,,, 
17.2.1,Sepsis,Up to 1 Weeks of Birth,0,0,0,0,0,0,0,0,0,0,0,0,0
,,Between 1 week & 4 weeks of birth,0,0,0,0,0,0,0,0,0,0,0,0,0
,,Total,0,0,0,0,0,0,0,0,0,0,0,0,0
17.2.2,Asphyxia,Up to 1 Weeks of Birth,0,0,0,0,0,0,0,0,0,0,0,0,0
,,Between 1 week & 4 weeks of birth,0,0,0,0,0,0,0,0,0,0,0,0,0
,,Total,0,0,0,0,0,0,0,0,0,0,0,0,0
17.2.3,LBW,Up to 1 Weeks of Birth,0,0,0,0,0,0,0,0,0,0,0,0,0
,,Between 1 week & 4 weeks of birth,0,0,0,0,0,0,0,0,0,0,0,0,0
,,Total,0,0,0,0,0,0,0,0,0,0,0,0,0
17.2.4,Others,Up to 1 Weeks of Birth,0,0,0,0,0,0,0,0,0,0,0,0,0
,,Between 1 week & 4 weeks of birth,0,0,0,0,0,0,0,0,0,0,0,0,0
,,Total,0,0,0,0,0,0,0,0,0,0,0,0,0
17.3,Infant/Child Deaths up to 5 years by cause,,,,,,,,,,,,,, 
17.3.1,Pneumonia,Between 1 month and 11 months,0,0,0,0,0,0,0,0,0,0,0,0,0
,,Between 1 year & 5 years,0,0,0,0,0,0,0,0,0,0,0,0,0
,,Total,0,0,0,0,0,0,0,0,0,0,0,0,0
17.3.2,Diarrhoea,Between 1 month and 11 months,0,0,0,0,0,0,0,0,0,0,0,0,0
,,Between 1 year & 5 years,0,0,0,0,0,0,0,0,0,0,0,0,0
,,Total,0,0,0,0,0,0,0,0,0,0,0,0,0
17.3.3,Fever related,Between 1 month and 11 months,0,0,0,0,0,0,0,0,0,0,0,0,0
,,Between 1 year & 5 years,0,0,0,0,0,0,0,0,0,0,0,0,0
,,Total,0,0,0,0,0,0,0,0,0,0,0,0,0
17.3.4,Measles,Between 1 month and 11 months,0,0,0,0,0,0,0,0,0,0,0,0,0
,,Between 1 year & 5 years,0,0,0,0,0,0,0,0,0,0,0,0,0
,,Total,0,0,0,0,0,0,0,0,0,0,0,0,0
17.3.5,Others,Between 1 month and 11 months,0,0,0,0,0,0,0,0,0,0,0,0,0
,,Between 1 year & 5 years,0,0,0,0,0,0,0,0,0,0,0,0,0
,,Total,0,0,0,0,0,0,0,0,0,0,0,0,0
17.4,Adolescent/Adult deaths by cause,,,,,,,,,,,,,, 
17.4.1,Diarrhoeal diseases,6-14 yrs,0,0,0,0,0,0,0,0,0,0,0,0,0
,,15-55 yrs.,0,0,0,0,0,0,0,0,0,0,0,0,0
,,Above 55 yrs.,0,3,0,0,0,0,0,0,0,0,0,0,3
,,Total,0,3,0,0,0,0,0,0,0,0,0,0,3
17.4.2,Tuberculosis,6-14 yrs,0,0,0,0,0,0,0,0,0,0,0,0,0
,,15-55 yrs.,0,1,0,0,0,0,0,0,0,0,0,1,2
,,Above 55 yrs.,0,0,0,0,0,0,0,0,1,1,0,0,2
,,Total,0,1,0,0,0,0,0,0,1,1,0,1,4
17.4.3,Respiratory diseases including infections (other than TB),6-14 yrs,0,0,0,0,0,0,0,0,0,0,0,0,0
,,15-55 yrs.,0,1,0,2,1,0,0,0,0,0,0,0,4
,,Above 55 yrs.,0,1,1,1,0,0,3,0,2,1,1,0,10
,,Total,0,2,1,3,1,0,3,0,2,1,1,0,14
17.4.4,Malaria,6-14 yrs,0,0,0,0,0,0,0,0,0,0,0,0,0
,,15-55 yrs.,0,0,0,0,0,0,0,0,0,0,0,0,0
,,Above 55 yrs.,0,0,0,0,0,0,0,0,0,0,0,0,0
,,Total,0,0,0,0,0,0,0,0,0,0,0,0,0
17.4.5,Other Fever Related,6-14 yrs,0,0,0,0,0,0,0,0,0,0,0,0,0
,,15-55 yrs.,0,0,0,0,0,0,0,0,0,0,0,0,0
,,Above 55 yrs.,0,0,0,0,0,0,0,0,0,0,0,0,0
,,Total,0,0,0,0,0,0,0,0,0,0,0,0,0
17.4.6,HIV/AIDS,6-14 yrs,0,0,0,0,0,0,0,0,0,0,0,0,0
,,15-55 yrs.,0,0,0,0,0,0,0,0,0,0,0,0,0
,,Above 55 yrs.,0,0,0,0,0,0,0,0,0,0,0,0,0
,,Total,0,0,0,0,0,0,0,0,0,0,0,0,0
17.4.7,Heart disease/Hypertension related,6-14 yrs,0,0,0,0,0,0,0,0,0,0,0,0,0
,,15-55 yrs.,0,0,2,0,0,3,1,0,0,0,0,1,7
,,Above 55 yrs.,2,2,5,0,0,0,3,0,0,1,0,0,13
,,Total,2,2,7,0,0,3,4,0,0,1,0,1,20
17.4.8,Neurological disease including strokes,6-14 yrs,0,0,0,0,0,0,0,0,0,0,0,0,0
,,15-55 yrs.,0,0,1,0,0,0,0,0,0,0,0,0,1
,,Above 55 yrs.,0,0,1,0,0,1,0,0,0,0,0,0,2
,,Total,0,0,2,0,0,1,0,0,0,0,0,0,3
17.4.9,Maternal Deaths,,,,,,,,,,,,,, 
17.4.9(a),Abortion,6-14 yrs,,,,,,,,,,,,, 
,,15-55 yrs.,0,0,0,0,0,0,0,0,0,0,0,0,0
,,Above 55 yrs.,,,,,,,,,,,,, 
,,Total,0,0,0,0,0,0,0,0,0,0,0,0,0
17.4.9(b),Obstructed/prolonged labour,6-14 yrs,,,,,,,,,,,,, 
,,15-55 yrs.,0,0,0,0,0,0,0,0,0,0,0,0,0
,,Above 55 yrs.,,,,,,,,,,,,, 
,,Total,0,0,0,0,0,0,0,0,0,0,0,0,0
17.4.9(c),Severe hypertesnion/fits,6-14 yrs,,,,,,,,,,,,, 
,,15-55 yrs.,0,0,0,0,0,0,0,0,0,0,0,0,0
,,Above 55 yrs.,,,,,,,,,,,,, 
,,Total,0,0,0,0,0,0,0,0,0,0,0,0,0
17.4.9(d),Bleeding,6-14 yrs,,,,,,,,,,,,, 
,,15-55 yrs.,0,0,0,0,0,0,0,0,0,0,0,0,0
,,Above 55 yrs.,,,,,,,,,,,,, 
,,Total,0,0,0,0,0,0,0,0,0,0,0,0,0
17.4.9(e),High fever,6-14 yrs,,,,,,,,,,,,, 
,,15-55 yrs.,0,0,0,0,0,0,0,0,0,0,0,0,0
,,Above 55 yrs.,,,,,,,,,,,,, 
,,Total,0,0,0,0,0,0,0,0,0,0,0,0,0
17.4.9(f),Other Causes (including causes not known),6-14 yrs,,,,,,,,,,,,, 
,,15-55 yrs.,0,0,0,0,0,0,0,0,0,0,0,0,0
,,Above 55 yrs.,,,,,,,,,,,,, 
,,Total,0,0,0,0,0,0,0,0,0,0,0,0,0
17.4.10,Trauma/Accidents/Burn cases ,6-14 yrs,0,0,0,0,0,0,0,0,0,0,0,0,0
,,15-55 yrs.,0,2,0,0,1,2,1,2,0,0,0,0,8
,,Above 55 yrs.,1,0,0,0,0,0,0,0,0,0,0,1,2
,,Total,1,2,0,0,1,2,1,2,0,0,0,1,10
17.4.11,Suicide,6-14 yrs,0,0,0,0,0,0,0,0,0,0,0,0,0
,,15-55 yrs.,0,2,2,2,0,0,0,1,1,0,1,1,10
,,Above 55 yrs.,0,0,0,0,0,0,0,0,1,0,0,0,1
,,Total,0,2,2,2,0,0,0,1,2,0,1,1,11
17.4.12,Animal bites and stings,6-14 yrs,0,0,0,0,0,0,0,0,0,0,0,0,0
,,15-55 yrs.,0,0,0,0,0,0,0,0,0,0,0,0,0
,,Above 55 yrs.,0,0,0,0,0,0,0,0,0,0,0,0,0
,,Total,0,0,0,0,0,0,0,0,0,0,0,0,0
17.4.13,Other Diseases,,,,,,,,,,,,,, 
17.4.13(a),Known Acute Disease,6-14 yrs,0,0,0,0,0,0,0,0,0,0,0,0,0
,,15-55 yrs.,0,0,1,0,0,1,0,1,1,1,0,0,5
,,Above 55 yrs.,0,0,0,0,0,1,0,0,0,0,2,0,3
,,Total,0,0,1,0,0,2,0,1,1,1,2,0,8
17.4.13(b),Known Chronic Disease,6-14 yrs,0,0,0,0,0,0,0,0,0,0,0,0,0
,,15-55 yrs.,0,0,0,0,0,0,0,1,0,1,0,0,2
,,Above 55 yrs.,1,2,0,0,0,1,0,3,0,0,0,0,7
,,Total,1,2,0,0,0,1,0,4,0,1,0,0,9
17.4.13(c),Causes not known,6-14 yrs,0,0,0,0,0,0,0,0,0,0,0,0,0
,,15-55 yrs.,0,0,0,0,0,0,0,1,0,0,0,0,1
,,Above 55 yrs.,0,1,1,0,0,1,0,1,2,2,1,0,9
,,Total,0,1,1,0,0,1,0,2,2,2,1,0,10
,,,,,,,,,,,,,,,
,,,,,,,,,,,,,,,
,,,,,,,,,,,,,,,
,,,,,,,,,,,,,,,
,,,,,,,,,,,,,,,
,,,,,,,,,,,,,,,
,,,,,,,,,,,,,,,
,,,,,,,,,,,,,,,
,,,,,,,,,,,,,,,
,,,,,,,,,,,,,,,
,,,,,,,,,,,,,,,
,,,,,,,,,,,,,,,
,,,,,,,,,,,,,,,
,,,,,,,,,,,,,,,
,,,,,,,,,,,,,,,